id,way,df1,df2,f stat,f_crit,pvalue,alpha,Reject
ANOVA,1,4,9,227.2171822682649,3.6330885114190794,4.993938707009704e-09,0.05,True


id,Test,Group 1,Group 2,Size 1,Size 2,muDiff,t stat,pvalue,tails,DF,alpha
FisherLSD,Protected,JE6,J132,2,3,-47015.45796948255,-24.084423257943545,1.7534254048712228e-09,2,9,0.05
,,JE6,J133,2,3,-29941.77088540651,-15.33815290206431,9.293860081527328e-08,,,
,,JE6,J134,2,3,-53366.59169273022,-27.33789348592225,5.684812620643243e-10,,,
,,JE6,J135,2,3,-44462.30875806892,-22.776531579247482,2.87687096367506e-09,,,
,,J132,J133,3,3,17073.68708407604,9.77862753266862,4.3097805013658785e-06,,,
,,J132,J134,3,3,-6351.133723247665,-3.637490296266062,0.005422022772868074,,,
,,J132,J135,3,3,2553.1492114136345,1.4622673503853558,0.17769036802425475,,,
,,J133,J134,3,3,-23424.820807323704,-13.416117828934683,2.9615027563600904e-07,,,
,,J133,J135,3,3,-14520.537872662404,-8.316360182283264,1.6215847528089355e-05,,,
,,J134,J135,3,3,8904.2829346613,5.099757646651418,0.0006453639009593726,,,


id,Test,Group 1,Group 2,Size 1,Size 2,muDiff,t stat,pvalue,tails,DF,alpha,Reject
Holm-Sidak,Protected,JE6,J132,2,3,-47015.45796948255,-24.084423257943545,1.5780828532818703e-08,2,9,0.05,True
,,JE6,J133,2,3,-29941.77088540651,-15.33815290206431,6.505700242964707e-07,,,,True
,,JE6,J134,2,3,-53366.59169273022,-27.33789348592225,5.6848126206432426e-09,,,,True
,,JE6,J135,2,3,-44462.30875806892,-22.776531579247482,2.3014967487355875e-08,,,,True
,,J132,J133,3,3,17073.68708407604,9.77862753266862,2.1548716765518172e-05,,,,True
,,J132,J134,3,3,-6351.133723247665,-3.637490296266062,0.010814647214786643,,,,True
,,J132,J135,3,3,2553.1492114136345,1.4622673503853558,0.17769036802425475,,,,False
,,J133,J134,3,3,-23424.820807323704,-13.416117828934683,1.77690033820177e-06,,,,True
,,J133,J135,3,3,-14520.537872662404,-8.316360182283264,6.48618124071687e-05,,,,True
,,J134,J135,3,3,8904.2829346613,5.099757646651418,0.0019348424879747084,,,,True


