id,way,df1,df2,f stat,f_crit,pvalue,alpha,Reject
ANOVA,1,4,10,8.152942191622166,3.478049690765229,0.0034355389110241052,0.05,True


id,Test,Group 1,Group 2,Size 1,Size 2,muDiff,t stat,pvalue,tails,DF,alpha
FisherLSD,Protected,JE6,J132,3,3,-33459.31830092838,-4.458958739298236,0.0012180965457309068,2,10,0.05
,,JE6,J133,3,3,-17993.655106340222,-2.3979258921753908,0.037448119057400975,,,
,,JE6,J134,3,3,-38795.672900852864,-5.1701084634295675,0.0004190396123955331,,,
,,JE6,J135,3,3,-25288.984096159504,-3.3701384956314473,0.007119765527522137,,,
,,J132,J133,3,3,15465.66319458816,2.0610328471228456,0.06627240776015775,,,
,,J132,J134,3,3,-5336.354599924482,-0.7111497241313309,0.49324532323614556,,,
,,J132,J135,3,3,8170.334204768878,1.088820243666789,0.3017768350351009,,,
,,J133,J134,3,3,-20802.01779451264,-2.7721825712541763,0.019713329217157627,,,
,,J133,J135,3,3,-7295.328989819282,-0.9722126034560565,0.3538736009456622,,,
,,J134,J135,3,3,13506.68880469336,1.79996996779812,0.10205723558317592,,,


id,Test,Group 1,Group 2,Size 1,Size 2,muDiff,t stat,pvalue,tails,DF,alpha,Reject
Holm-Sidak,Protected,JE6,J132,3,3,-33459.31830092838,-4.458958739298236,0.010909605121915411,2,10,0.05,True
,,JE6,J133,3,3,-17993.655106340222,-2.3979258921753908,0.20467454597644263,,,,False
,,JE6,J134,3,3,-38795.672900852864,-5.1701084634295675,0.00418250320834046,,,,True
,,JE6,J135,3,3,-25288.984096159504,-3.3701384956314473,0.055558806531828875,,,,False
,,J132,J133,3,3,15465.66319458816,2.0610328471228456,0.29025725253794576,,,,False
,,J132,J134,3,3,-5336.354599924482,-0.7111497241313309,0.659605323111562,,,,False
,,J132,J135,3,3,8170.334204768878,1.088820243666789,0.659605323111562,,,,False
,,J133,J134,3,3,-20802.01779451264,-2.7721825712541763,0.13009529011988863,,,,False
,,J133,J135,3,3,-7295.328989819282,-0.9722126034560565,0.659605323111562,,,,False
,,J134,J135,3,3,13506.68880469336,1.79996996779812,0.3498783617059721,,,,False


