id,way,df1,df2,f stat,f_crit,pvalue,alpha,Reject
ANOVA,1,4,10,43.29710083659441,3.478049690765229,2.7761416090399393e-06,0.05,True


id,Test,Group 1,Group 2,Size 1,Size 2,muDiff,t stat,pvalue,tails,DF,alpha
FisherLSD,Protected,JE6,J132,3,3,-6.602268683837366,-1.681333883183332,0.12361390541908412,2,10,0.05
,,JE6,J133,3,3,-32.37010951703255,-8.243372776781516,9.04787905864346e-06,,,
,,JE6,J134,3,3,-41.6221726115701,-10.599503360845338,9.298920740086203e-07,,,
,,JE6,J135,3,3,-33.15419479109148,-8.44304794931844,7.321400558701896e-06,,,
,,J132,J133,3,3,-25.767840833195187,-6.562038893598185,6.375391749369186e-05,,,
,,J132,J134,3,3,-35.019903927732734,-8.918169477662007,4.491891497870881e-06,,,
,,J132,J135,3,3,-26.55192610725411,-6.761714066135109,4.969717757163927e-05,,,
,,J133,J134,3,3,-9.252063094537547,-2.3561305840638216,0.04021787249593989,,,
,,J133,J135,3,3,-0.7840852740589241,-0.1996751725369243,0.8457364966392806,,,
,,J134,J135,3,3,8.467977820478623,2.1564554115268972,0.05644625247297008,,,


id,Test,Group 1,Group 2,Size 1,Size 2,muDiff,t stat,pvalue,tails,DF,alpha,Reject
Holm-Sidak,Protected,JE6,J132,3,3,-6.602268683837366,-1.681333883183332,0.23194741322520995,2,10,0.05,False
,,JE6,J133,3,3,-32.37010951703255,-8.243372776781516,6.333343428999161e-05,,,,True
,,JE6,J134,3,3,-41.6221726115701,-10.599503360845338,9.298881828767591e-06,,,,True
,,JE6,J135,3,3,-33.15419479109148,-8.44304794931844,5.8569703610178436e-05,,,,True
,,J132,J133,3,3,-25.767840833195187,-6.562038893598185,0.000318728944439739,,,,True
,,J132,J134,3,3,-35.019903927732734,-8.918169477662007,4.042629711320522e-05,,,,True
,,J132,J135,3,3,-26.55192610725411,-6.761714066135109,0.00029814602074274,,,,True
,,J133,J134,3,3,-9.252063094537547,-2.3561305840638216,0.15142421612058277,,,,False
,,J133,J135,3,3,-0.7840852740589241,-0.1996751725369243,0.8457364966392806,,,,False
,,J134,J135,3,3,8.467977820478623,2.1564554115268972,0.15996006705204968,,,,False


