id,way,df1,df2,f stat,f_crit,pvalue,alpha,Reject
ANOVA,1,4,10,164.00032819607517,3.478049690765229,4.5217593003243906e-09,0.05,True


id,Test,Group 1,Group 2,Size 1,Size 2,muDiff,t stat,pvalue,tails,DF,alpha
FisherLSD,Protected,JE6,J132,3,3,-21.484610806156475,-6.618182346713127,5.941168224365967e-05,2,10,0.05
,,JE6,J133,3,3,-63.667587929681964,-19.612349988359295,2.5984125961997506e-09,,,
,,JE6,J134,3,3,-58.006928081896575,-17.868623773657472,6.4386107556657635e-09,,,
,,JE6,J135,3,3,-65.37661789665509,-20.13880457762205,2.005730914689252e-09,,,
,,J132,J133,3,3,-42.18297712352549,-12.994167641646168,1.3773602725031253e-07,,,
,,J132,J134,3,3,-36.5223172757401,-11.250441426944347,5.345349418650613e-07,,,
,,J132,J135,3,3,-43.89200709049861,-13.520622230908922,9.442514947721747e-08,,,
,,J133,J134,3,3,5.660659847785389,1.7437262147018213,0.11180942327914734,,,
,,J133,J135,3,3,-1.7090299669731195,-0.5264545892627532,0.6100496912255591,,,
,,J134,J135,3,3,-7.369689814758509,-2.270180803964575,0.04655628018579394,,,


id,Test,Group 1,Group 2,Size 1,Size 2,muDiff,t stat,pvalue,tails,DF,alpha,Reject
Holm-Sidak,Protected,JE6,J132,3,3,-21.484610806156475,-6.618182346713127,0.00023762555132555985,2,10,0.05,True
,,JE6,J133,3,3,-63.667587929681964,-19.612349988359295,2.338571314375315e-08,,,,True
,,JE6,J134,3,3,-58.006928081896575,-17.868623773657472,5.150888493510308e-08,,,,True
,,JE6,J135,3,3,-65.37661789665509,-20.13880457762205,2.0057308924847916e-08,,,,True
,,J132,J133,3,3,-42.18297712352549,-12.994167641646168,8.26415878951714e-07,,,,True
,,J132,J134,3,3,-36.5223172757401,-11.250441426944347,2.6726718520553305e-06,,,,True
,,J132,J135,3,3,-43.89200709049861,-13.520622230908922,6.609758591569204e-07,,,,True
,,J133,J134,3,3,5.660659847785389,1.7437262147018213,0.21111749942427915,,,,False
,,J133,J135,3,3,-1.7090299669731195,-0.5264545892627532,0.6100496912255591,,,,False
,,J134,J135,3,3,-7.369689814758509,-2.270180803964575,0.1332672890257014,,,,False


