id,way,df1,df2,f stat,f_crit,pvalue,alpha,Reject
ANOVA,1,4,10,353.6406541861599,3.478049690765229,1.0167067188149304e-10,0.05,True


id,Test,Group 1,Group 2,Size 1,Size 2,muDiff,t stat,pvalue,tails,DF,alpha
FisherLSD,Protected,JE6,J132,3,3,-16.75109215731427,-7.0076682888719555,3.681398891552945e-05,2,10,0.05
,,JE6,J133,3,3,-65.34724351935775,-27.337429815037062,9.932610289808963e-11,,,
,,JE6,J134,3,3,-60.7943687282047,-25.432775718603324,2.025919432213641e-10,,,
,,JE6,J135,3,3,-69.24854434138115,-28.969503819471814,5.599010144408112e-11,,,
,,J132,J133,3,3,-48.59615136204347,-20.329761526165104,1.8288695002866007e-09,,,
,,J132,J134,3,3,-44.04327657089043,-18.425107429731366,4.777533701982861e-09,,,
,,J132,J135,3,3,-52.49745218406687,-21.961835530599856,8.581473309732246e-10,,,
,,J133,J134,3,3,4.5528747911530445,1.9046540964337395,0.08595998989911147,,,
,,J133,J135,3,3,-3.9013008220234013,-1.6320740044347526,0.13371469277979475,,,
,,J134,J135,3,3,-8.454175613176446,-3.5367281008684923,0.005386048775191998,,,


id,Test,Group 1,Group 2,Size 1,Size 2,muDiff,t stat,pvalue,tails,DF,alpha,Reject
Holm-Sidak,Protected,JE6,J132,3,3,-16.75109215731427,-7.0076682888719555,0.00014724782424302418,2,10,0.05,True
,,JE6,J133,3,3,-65.34724351935775,-27.337429815037062,8.939349260828067e-10,,,,True
,,JE6,J134,3,3,-60.7943687282047,-25.432775718603324,1.6207355457709127e-09,,,,True
,,JE6,J135,3,3,-69.24854434138115,-28.969503819471814,5.599010144408112e-10,,,,True
,,J132,J133,3,3,-48.59615136204347,-20.329761526165104,1.0973217001719604e-08,,,,True
,,J132,J134,3,3,-44.04327657089043,-18.425107429731366,2.38876682878697e-08,,,,True
,,J132,J135,3,3,-52.49745218406687,-21.961835530599856,6.007031316812572e-09,,,,True
,,J133,J134,3,3,4.5528747911530445,1.9046540964337395,0.16453085993476757,,,,False
,,J133,J135,3,3,-3.9013008220234013,-1.6320740044347526,0.16453085993476757,,,,False
,,J134,J135,3,3,-8.454175613176446,-3.5367281008684923,0.016071274008046976,,,,True


