id,way,df1,df2,f stat,f_crit,pvalue,alpha,Reject
ANOVA,1,4,10,1.5604708942193117,3.478049690765229,0.25848168124657334,0.05,False


id,Test,Group 1,Group 2,Size 1,Size 2,muDiff,t stat,pvalue,tails,DF,alpha
FisherLSD,Not,JE6,J132,3,3,4679.158842950243,1.9006501695133236,0.08652962701455102,2,10,0.05
,protected,JE6,J133,3,3,2891.6490561751943,1.174572920744693,0.2673772006707211,,,
,,JE6,J134,3,3,-155.01800689231823,-0.06296751424060072,0.951033216878278,,,
,,JE6,J135,3,3,3580.1249279038675,1.454228266123369,0.17653876024922832,,,
,,J132,J133,3,3,-1787.5097867750483,-0.7260772487686304,0.48443855411102366,,,
,,J132,J134,3,3,-4834.176849842561,-1.9636176837539243,0.0779665806722234,,,
,,J132,J135,3,3,-1099.0339150463751,-0.44642190338995447,0.6648041072877309,,,
,,J133,J134,3,3,-3046.6670630675126,-1.2375404349852939,0.2441563544498706,,,
,,J133,J135,3,3,688.4758717286732,0.2796553453786759,0.7854409977310093,,,
,,J134,J135,3,3,3735.1429347961857,1.5171957803639697,0.16017479065651918,,,


id,Test,Group 1,Group 2,Size 1,Size 2,muDiff,t stat,pvalue,tails,DF,alpha,Reject
Holm-Sidak,Not,JE6,J132,3,3,4679.158842950243,1.9006501695133236,0.557156579928277,2,10,0.05,False
,protected,JE6,J133,3,3,2891.6490561751943,1.174572920744693,0.8135373733890596,,,,False
,,JE6,J134,3,3,-155.01800689231823,-0.06296751424060072,0.9623386342477551,,,,False
,,JE6,J135,3,3,3580.1249279038675,1.454228266123369,0.7525364407822598,,,,False
,,J132,J133,3,3,-1787.5097867750483,-0.7260772487686304,0.9293484438416484,,,,False
,,J132,J134,3,3,-4834.176849842561,-1.9636176837539243,0.5559144678966733,,,,False
,,J132,J135,3,3,-1099.0339150463751,-0.44642190338995447,0.9623386342477551,,,,False
,,J133,J134,3,3,-3046.6670630675126,-1.2375404349852939,0.8135373733890596,,,,False
,,J133,J135,3,3,688.4758717286732,0.2796553453786759,0.9623386342477551,,,,False
,,J134,J135,3,3,3735.1429347961857,1.5171957803639697,0.7525364407822598,,,,False


