id,way,df1,df2,f stat,f_crit,pvalue,alpha,Reject
ANOVA,1,4,10,3.5793569399820857,3.478049690765229,0.04638029221753659,0.05,True


id,Test,Group 1,Group 2,Size 1,Size 2,muDiff,t stat,pvalue,tails,DF,alpha
FisherLSD,Protected,JE6,J132,3,3,5197.244878326639,3.1954207159802404,0.00956573655761539,2,10,0.05
,,JE6,J133,3,3,4398.817389833663,2.7045237510175313,0.022140765329139667,,,
,,JE6,J134,3,3,2339.591399213208,1.4384503711093422,0.18085827802059606,,,
,,JE6,J135,3,3,4827.122221315743,2.967858299093111,0.014097359074044302,,,
,,J132,J133,3,3,-798.4274884929764,-0.4908969649627092,0.6340931605513243,,,
,,J132,J134,3,3,-2857.653479113431,-1.7569703448708982,0.10943934922493859,,,
,,J132,J135,3,3,-370.12265701089564,-0.22756241688712944,0.8245715832526841,,,
,,J133,J134,3,3,-2059.2259906204545,-1.266073379908189,0.2341853350980616,,,
,,J133,J135,3,3,428.3048314820808,0.2633345480755797,0.7976391869522983,,,
,,J134,J135,3,3,2487.5308221025352,1.5294079279837687,0.15715865921040106,,,


id,Test,Group 1,Group 2,Size 1,Size 2,muDiff,t stat,pvalue,tails,DF,alpha,Reject
Holm-Sidak,Protected,JE6,J132,3,3,5197.244878326639,3.1954207159802404,0.09164301367816607,2,10,0.05,False
,,JE6,J133,3,3,4398.817389833663,2.7045237510175313,0.1639914252625726,,,,False
,,JE6,J134,3,3,2339.591399213208,1.4384503711093422,0.641511708514967,,,,False
,,JE6,J135,3,3,4827.122221315743,2.967858299093111,0.11995218378885752,,,,False
,,J132,J133,3,3,-798.4274884929764,-0.4908969649627092,0.9510095327158288,,,,False
,,J132,J134,3,3,-2857.653479113431,-1.7569703448708982,0.5557325305602966,,,,False
,,J132,J135,3,3,-370.12265701089564,-0.22756241688712944,0.9590501013426731,,,,False
,,J133,J134,3,3,-2059.2259906204545,-1.266073379908189,0.6560504747734323,,,,False
,,J133,J135,3,3,428.3048314820808,0.2633345480755797,0.9590501013426731,,,,False
,,J134,J135,3,3,2487.5308221025352,1.5294079279837687,0.641511708514967,,,,False


