id,way,df1,df2,f stat,f_crit,pvalue,alpha,Reject
ANOVA,1,4,10,3.3039556229935383,3.478049690765229,0.05703249594562787,0.05,False


id,Test,Group 1,Group 2,Size 1,Size 2,muDiff,t stat,pvalue,tails,DF,alpha
FisherLSD,Not,JE6,J132,3,3,2975.0422559918406,2.832208061566759,0.017784436668660808,2,10,0.05
,protected,JE6,J133,3,3,2609.388812247402,2.4841099365647024,0.03231456936479771,,,
,,JE6,J134,3,3,1130.5171130960007,1.0762400685237372,0.30709908985519396,,,
,,JE6,J135,3,3,3104.39319561867,2.9553487575499844,0.014402259125746886,,,
,,J132,J133,3,3,-365.65344374443885,-0.34809812500205617,0.7349829524861624,,,
,,J132,J134,3,3,-1844.52514289584,-1.7559679930430214,0.1096171082773143,,,
,,J132,J135,3,3,129.35093962682913,0.1231406959832255,0.9044354676907713,,,
,,J133,J134,3,3,-1478.8716991514011,-1.4078698680409654,0.18948844570316536,,,
,,J133,J135,3,3,495.004383371268,0.4712388209852817,0.6475824412728111,,,
,,J134,J135,3,3,1973.876082522669,1.879108689026247,0.08965508769620723,,,


id,Test,Group 1,Group 2,Size 1,Size 2,muDiff,t stat,pvalue,tails,DF,alpha,Reject
Holm-Sidak,Not,JE6,J132,3,3,2975.0422559918406,2.832208061566759,0.1491337417571713,2,10,0.05,False
,protected,JE6,J133,3,3,2609.388812247402,2.4841099365647024,0.23109334593078767,,,,False
,,JE6,J134,3,3,1130.5171130960007,1.0762400685237372,0.7694927831012048,,,,False
,,JE6,J135,3,3,3104.39319561867,2.9553487575499844,0.13503806896216708,,,,False
,,J132,J133,3,3,-365.65344374443885,-0.34809812500205617,0.9562303962184087,,,,False
,,J132,J134,3,3,-1844.52514289584,-1.7559679930430214,0.5017344744030636,,,,False
,,J132,J135,3,3,129.35093962682913,0.1231406959832255,0.9562303962184087,,,,False
,,J133,J134,3,3,-1478.8716991514011,-1.4078698680409654,0.6502191315505544,,,,False
,,J133,J135,3,3,495.004383371268,0.4712388209852817,0.9562303962184087,,,,False
,,J134,J135,3,3,1973.876082522669,1.879108689026247,0.48186636502258906,,,,False


