id,way,df1,df2,f stat,f_crit,pvalue,alpha,Reject
ANOVA,1,4,10,5.316715163049999,3.478049690765229,0.014727072972841482,0.05,True


id,Test,Group 1,Group 2,Size 1,Size 2,muDiff,t stat,pvalue,tails,DF,alpha
FisherLSD,Protected,JE6,J132,3,3,5584.652896680698,4.403473455890149,0.0013278590974445947,2,10,0.05
,,JE6,J133,3,3,3861.8924618159017,3.045084673967139,0.012354901859392697,,,
,,JE6,J134,3,3,2543.6644160611795,2.005667844365965,0.07269798420930162,,,
,,JE6,J135,3,3,3765.3405815064452,2.9689539546682413,0.014070968179237253,,,
,,J132,J133,3,3,-1722.7604348647965,-1.3583887819230096,0.2041932294634503,,,
,,J132,J134,3,3,-3040.9884806195187,-2.3978056115241833,0.03745581549334731,,,
,,J132,J135,3,3,-1819.312315174253,-1.4345195012219072,0.18194843349889678,,,
,,J133,J134,3,3,-1318.2280457547222,-1.0394168296011739,0.3230898207603168,,,
,,J133,J135,3,3,-96.55188030945646,-0.07613071929889771,0.940816680391114,,,
,,J134,J135,3,3,1221.6761654452657,0.9632861103022762,0.3581192313172896,,,


id,Test,Group 1,Group 2,Size 1,Size 2,muDiff,t stat,pvalue,tails,DF,alpha,Reject
Holm-Sidak,Protected,JE6,J132,3,3,5584.652896680698,4.403473455890149,0.013199526837692321,2,10,0.05,True
,,JE6,J133,3,3,3861.8924618159017,3.045084673967139,0.10585446262449194,,,,False
,,JE6,J134,3,3,2543.6644160611795,2.005667844365965,0.36419019181701595,,,,False
,,JE6,J135,3,3,3765.3405815064452,2.9689539546682413,0.1071772646764596,,,,False
,,J132,J133,3,3,-1722.7604348647965,-1.3583887819230096,0.6336439202956108,,,,False
,,J132,J134,3,3,-3040.9884806195187,-2.3978056115241833,0.2345008354401802,,,,False
,,J132,J135,3,3,-1819.312315174253,-1.4345195012219072,0.6336439202956108,,,,False
,,J133,J134,3,3,-1318.2280457547222,-1.0394168296011739,0.6898347529928515,,,,False
,,J133,J135,3,3,-96.55188030945646,-0.07613071929889771,0.940816680391114,,,,False
,,J134,J135,3,3,1221.6761654452657,0.9632861103022762,0.6898347529928515,,,,False


