id,way,df1,df2,f stat,f_crit,pvalue,alpha,Reject
ANOVA,1,4,10,1551.0081958914745,3.478049690765229,6.461498003318411e-14,0.05,True


id,Test,Group 1,Group 2,Size 1,Size 2,muDiff,t stat,pvalue,tails,DF,alpha
FisherLSD,Protected,JE6,J132,3,3,-4.287054869629415,-5.987951854586937,0.0001342498435250583,2,10,0.05
,,JE6,J133,3,3,0.9778938428803912,1.3658750419891308,0.20190854288858873,,,
,,JE6,J134,3,3,-41.08694613853799,-57.3882683593549,6.261657858885883e-14,,,
,,JE6,J135,3,3,10.560620467999875,14.750566260518834,4.1071915868329256e-08,,,
,,J132,J133,3,3,5.264948712509806,7.353826896576067,2.4427765649592814e-05,,,
,,J132,J134,3,3,-36.799891268908574,-51.40031650476797,1.8784973576657649e-13,,,
,,J132,J135,3,3,14.84767533762929,20.73851811510577,1.505099156418055e-09,,,
,,J133,J134,3,3,-42.06483998141838,-58.75414340134404,4.951594689828198e-14,,,
,,J133,J135,3,3,9.582726625119484,13.384691218529703,1.0395923655259764e-07,,,
,,J134,J135,3,3,51.647566606537865,72.13883461987373,6.439293542825908e-15,,,


id,Test,Group 1,Group 2,Size 1,Size 2,muDiff,t stat,pvalue,tails,DF,alpha,Reject
Holm-Sidak,Protected,JE6,J132,3,3,-4.287054869629415,-5.987951854586937,0.00026848166402959617,2,10,0.05,True
,,JE6,J133,3,3,0.9778938428803912,1.3658750419891308,0.20190854288858873,,,,False
,,JE6,J134,3,3,-41.08694613853799,-57.3882683593549,5.009326287108706e-13,,,,True
,,JE6,J135,3,3,10.560620467999875,14.750566260518834,2.053595624662563e-07,,,,True
,,J132,J133,3,3,5.264948712509806,7.353826896576067,7.328150681618073e-05,,,,True
,,J132,J134,3,3,-36.799891268908574,-51.40031650476797,1.3149481503660354e-12,,,,True
,,J132,J135,3,3,14.84767533762929,20.73851811510577,9.03059493850833e-09,,,,True
,,J133,J134,3,3,-42.06483998141838,-58.75414340134404,4.4564352208453784e-13,,,,True
,,J133,J135,3,3,9.582726625119484,13.384691218529703,4.1583688137336594e-07,,,,True
,,J134,J135,3,3,51.647566606537865,72.13883461987373,6.439293542825908e-14,,,,True


