id,way,df1,df2,f stat,f_crit,pvalue,alpha,Reject
ANOVA,1,4,10,292.4109155113499,3.478049690765229,2.608063764952817e-10,0.05,True


id,Test,Group 1,Group 2,Size 1,Size 2,muDiff,t stat,pvalue,tails,DF,alpha
FisherLSD,Protected,JE6,J132,3,3,-9.133475721417753,-25.824387526807428,1.7424950371491832e-10,2,10,0.05
,,JE6,J133,3,3,-11.060902040210504,-31.274076747434773,2.624256367766975e-11,,,
,,JE6,J134,3,3,-7.91405065399728,-22.376531917236555,7.141771618535131e-10,,,
,,JE6,J135,3,3,-5.339504712866131,-15.09714845827231,3.2859308607413595e-08,,,
,,J132,J133,3,3,-1.927426318792751,-5.449689220627343,0.0002809794620968198,,,
,,J132,J134,3,3,1.2194250674204739,3.447855609570875,0.006248592282732668,,,
,,J132,J135,3,3,3.7939710085516225,10.727239068535122,8.322757494294564e-07,,,
,,J133,J134,3,3,3.146851386213225,8.897544830198218,4.58618444554304e-06,,,
,,J133,J135,3,3,5.7213973273443735,16.176928289162465,1.688408368671901e-08,,,
,,J134,J135,3,3,2.5745459411311487,7.279383458964246,2.6649101261044805e-05,,,


id,Test,Group 1,Group 2,Size 1,Size 2,muDiff,t stat,pvalue,tails,DF,alpha,Reject
Holm-Sidak,Protected,JE6,J132,3,3,-9.133475721417753,-25.824387526807428,1.5682455334342649e-09,2,10,0.05,True
,,JE6,J133,3,3,-11.060902040210504,-31.274076747434773,2.624256367766975e-10,,,,True
,,JE6,J134,3,3,-7.91405065399728,-22.376531917236555,5.713417294828105e-09,,,,True
,,JE6,J135,3,3,-5.339504712866131,-15.09714845827231,1.971558354352254e-07,,,,True
,,J132,J133,3,3,-1.927426318792751,-5.449689220627343,0.0005618799747355574,,,,True
,,J132,J134,3,3,1.2194250674204739,3.447855609570875,0.006248592282732668,,,,True
,,J132,J135,3,3,3.7939710085516225,10.727239068535122,4.161371820354809e-06,,,,True
,,J133,J134,3,3,3.146851386213225,8.897544830198218,1.834461158400913e-05,,,,True
,,J133,J135,3,3,5.7213973273443735,16.176928289162465,1.1818857981182873e-07,,,,True
,,J134,J135,3,3,2.5745459411311487,7.279383458964246,7.994517327825079e-05,,,,True


